"","Country","1998","1999","2000","2001","2002","2003","2004","2005","2006","2007","2008","2009","2010","2011","2012","2013","2014","2015","2016","2017","2018"
"1","Afghanistan",18059.0705010631,18691.1978252174,18684.2477273375,18701.239473628,18013.5271641827,17792.3926735897,17364.7055372832,15557.5453614462,16306.8402706905,15807.1864870866,16234.6211658492,15294.3493625964,15370.3645764363,16227.1102954379,15040.9294355596,15568.0827376865,15154.6732573045,15449.8452529337,15117.8429754403,15360.3100905681,18465.0153503287
"2","Albania",1290.00839320138,1290.63366055578,1261.89651337223,1092.17724712728,1172.06766765118,1260.10256542722,1258.96537545442,1227.28716504788,1151.68387748727,1191.26161582025,1199.21774885752,1236.1682180212,1237.24889564523,1292.39117638842,1315.53566404705,1327.07413087621,1343.38226968287,1408.99494970932,1394.30286726285,1426.93979889774,1505.63337181226
"3","Algeria",10554.2265056812,11334.0269724522,10947.2499195828,10534.5209537942,10782.3890238641,10595.2729777272,10661.4394408489,10880.8134571261,10822.0564771579,11138.3051575747,11173.8580961642,10626.6179645678,11098.7712444469,11217.6702448769,11735.3097183156,11393.6250697875,12215.6187166169,13081.0913116539,13216.7136953225,13556.8196025299,12883.0183725251
"4","Angola",5653.02329989661,5030.89066288711,5229.53179654877,5635.54606169317,5431.95523637337,5237.43442317979,5405.45380867289,5574.33017579191,5038.82860152747,5375.09209891483,5404.86987657838,5447.76779701861,5702.84822866097,5661.64508747124,5732.87868134248,5748.22681890394,5304.09634480433,5665.45278707356,5712.47838253473,5402.24020450544,5619.45456350945
"5","Antigua and Barbuda",12.3636944944484,11.1778271019556,16.282879695238,14.2601832084614,12.7179429489563,5.2111927639516,4.08250585058597,6.65200866357307,4.19990688005572,18.2703665990813,6.11787913095261,5.35778354248015,13.2662592174209,5.53745270756511,14.8975046052215,11.8064064965911,5.87162976977666,20.1318839340115,15.675655245371,10.4477400342752,4.59710773439854
"6","Argentina",10352.0985530641,11251.5953333217,10402.5633876435,10738.1035609413,10842.3275647473,11012.7429455604,9379.56064911145,9068.87920303485,9854.03832152045,11473.4955199788,10166.0007835808,11482.682848371,10977.7314019001,11863.9714508135,10583.4523058886,11397.1262357906,10100.3221758323,10871.4295444513,11589.3809599648,11261.2952081367,11373.7603026875
"7","Armenia",2073.72668297369,2090.33413273378,2026.62814880877,2104.82981179945,2144.35353012605,2256.57286259911,2218.77687004903,2241.21684707251,2277.35224754774,2229.16662498057,2439.11455015816,2367.16237593458,2368.834268615,2275.58095875372,2203.70596815999,2104.57810023981,2151.51598236622,2211.6081984313,2077.6990241649,2109.37719511632,2155.47006040448
"8","Australia",3508.53399480176,3860.34573875773,3411.9156780658,3619.43113601268,4178.20875309028,4493.53813109813,2479.6739230327,2556.81657285489,3746.71132314719,2996.72441209471,2474.25097964033,3716.69833209297,2058.90921444755,2569.02735984687,2812.50514114396,3188.10978275065,2992.36366205587,2501.60387484147,3199.8353241937,3005.34228345538,3133.88082875656
"9","Austria",4967.18358834433,4746.27132532263,4606.80484464416,4350.54401259435,4435.02698268344,4320.05189899683,3977.75579993354,4204.13853609093,4157.80899060006,3601.36601122281,3661.47353358859,4058.74810870179,3836.49642555388,3880.96085422278,3795.12381101015,3936.09310499056,3635.10618324658,3759.70809391366,3750.78866642957,3376.22127628855,3718.0230254369
"10","Azerbaijan",5267.66455661757,5120.65665861779,5069.18790961761,4815.48421228743,4915.24164562262,5180.47552369026,4940.56789012491,5312.35577472662,5499.04494302405,5409.39446645755,6195.85985780648,6154.23721217335,6278.53796540395,6000.28613006672,6276.65077572271,6444.30627951239,6731.1330931192,6636.48615304601,6455.40877173272,6904.63287749737,6372.91225765896
"11","Bahamas",66.9243265715436,55.1937790792675,57.1647702231855,58.5625605931577,46.3383291330075,49.1946010999504,44.9650294218452,48.2559779538843,57.0955161140978,44.5224286582457,39.6739347632197,57.600407443555,34.8836293596123,43.6568250350634,64.3254384809329,46.9990108841954,52.2592886078426,48.4286278099332,38.8124064171141,29.8624673737113,28.8774936425865
"12","Bahrain",244.415224029757,252.804496394386,244.305447668537,218.112710336522,249.803722652659,305.307632647484,311.677969928405,328.241778407075,333.600759073205,343.602447623593,370.869826480941,370.275356800079,377.489980134913,388.621774001169,405.982846537596,398.933495450886,399.88299960945,433.803998229286,452.744558226417,501.419255683402,493.750464456671
"13","Bangladesh",62708.455355968,63348.1509225337,68461.1582101095,70359.3266952236,72013.2341679533,72138.185198929,73050.8300921253,75836.1317161584,78575.8300152225,79827.6439329123,79956.9742437739,85062.9066657294,81809.2907217854,82266.7174722243,83409.8305644389,79340.0488630997,83071.3222395735,82816.2530990003,85840.7646792748,91060.4507288446,97998.6523049669
"14","Belarus",11891.9785608947,11956.3995037841,10820.7993777393,10990.5962325413,12476.1154298818,10892.3109111565,10423.4946306985,11143.910294292,11377.8948752238,10094.7260944751,9657.8591862498,10398.7997020309,10768.5805382587,9895.63350752205,8756.94462113409,8794.17227278231,8847.76529741695,8411.58154087877,8174.59529893235,8417.33537962021,8359.94037621464
"15","Belgium",7821.76827672962,7026.34598581195,6905.92638000057,6483.28810050354,6415.96444072446,6894.33048061783,6281.87296445705,5790.54238480294,6211.09973354516,5571.14129272978,5751.60713878674,5945.61897475828,5980.68936114779,5603.92625880641,5744.86032946274,5569.87997815702,5057.57784446256,5185.72826279978,5147.52206760279,5133.56237893635,5335.04429174756
"16","Belize",60.768555118194,59.0321617789693,71.4421329135519,60.0627651674117,54.9882869489643,64.1681159565624,49.794942531653,61.5164385015534,58.1361035589602,63.9338451193854,56.4090403289099,65.1879638696339,53.3492185854,69.2891686138546,65.7724291936105,80.9955041588059,81.4053335078067,84.3639150601117,80.7802626496676,76.6856334760523,89.4752317421949
"17","Benin",5002.14208638454,4404.39762548818,5042.2551644967,4615.41129573245,4855.68513673795,4585.64221792446,5162.38669473728,4966.45739616212,4912.91370169419,5191.63302757831,5369.00088978155,5034.56855246565,5315.07723945852,5247.12810181679,5475.88385526372,5166.4964227666,5151.37785895674,5936.00753266323,5888.73429281692,5889.56755966193,5910.0941541522
"18","Bhutan",227.077015487907,227.004359105216,249.394316135425,251.798411977699,251.827194546438,266.778846113013,282.047786324877,284.463636891246,282.402405749274,297.720931176316,313.104565113443,329.810843053591,326.531055251748,324.828053452138,362.013186402373,346.930742205612,369.183986116405,368.397791239285,373.57879637499,386.078975769001,364.171492521196
"19","Bolivia",2845.70873875524,2759.40189146895,2519.37222615185,2172.96624687139,2444.10198999696,2075.91939146994,2397.95764192334,2443.9782311916,2128.64834021704,2732.28971185691,2167.59476711923,2663.13682687891,3146.57786254811,2936.40306714633,2828.61940178614,2796.93899022179,2954.58550762906,3273.04884943921,3380.46929002917,3398.1927913684,3286.28652494231
"20","Bosnia and Herzegovina",2534.68757171861,2560.61818215183,2605.65500177065,2576.00300762307,2780.05144451292,2773.84903065694,2756.07403873666,2930.49494119948,2876.50377806253,2893.03350858682,2777.75805282667,2939.08044275971,2857.71234737604,3053.53246943938,2932.49345822056,2958.75171423196,2793.04103638887,3075.32031114129,2843.40013382241,2707.49551008795,2951.76999518903
"21","Botswana",514.313554357757,481.993458636111,560.281272362062,678.149764326131,646.527854049174,623.640286302259,576.738920327218,620.629094301833,558.550757495487,572.333569824557,649.849783084166,661.910820851553,712.721229055721,742.542359885959,746.613804790815,717.182517121757,707.709526833831,758.083756149275,740.295030960112,713.423940498946,673.301054352206
"22","Brazil",50341.8986298752,48318.2188925624,45789.4081901255,45759.5524559182,45921.0619508362,45211.9294636837,46931.1759846255,45016.146867125,44475.8558619615,49352.1791095208,47010.9267587731,52970.4576769427,53214.529304764,55467.5946100373,53871.4775330373,54869.7258465228,52517.4224636947,58590.1738515171,60771.6286645148,58629.7081238144,60985.0036218222
"23","Brunei",100.058433269132,74.9908039722974,70.8949093151357,73.0440741301511,91.8595775077779,91.8136228969137,97.8453136759482,93.7695860488077,112.187344864202,93.7141228505862,86.9622383279202,119.411219568616,98.5733515733499,113.2731336697,117.925717130563,117.858500437429,123.105880531092,136.773237913026,133.555726018301,111.778277819043,106.064335083658
"24","Bulgaria",12817.0093178599,12242.8291738308,12062.8608613934,11204.6897535241,11138.554461071,10573.1702311438,9945.01444666773,10201.8905836574,10002.1223670211,9236.74361743949,9365.45274694278,9124.69118007092,8903.15099539732,9418.19891705789,8680.00008231947,8246.23974732128,8431.19509253479,8145.6606103944,8298.10434118251,7816.21413351475,7642.93290809352
"25","Burkina Faso",8997.48549329831,8396.97442434945,9448.97438353389,8872.93469281276,9477.84456603325,8783.25255356685,10176.1425687734,9744.96893597832,9289.1898637123,9989.76905709083,9784.92793709114,9490.15968239115,10001.6640184616,9762.28028578624,10530.8973906022,9827.12737685451,10348.2875061567,12357.919595106,12390.5424836012,12336.6102721548,12468.3523870902
"26","Burundi",2963.90983036703,2405.39027922469,2671.17259629627,2570.77419446093,2384.34261098795,2307.84633299876,2474.85913925789,2471.37052105765,2237.86691560197,2457.52773965041,2471.17371781644,2394.09995455364,2449.44730989563,2719.06650473329,2908.62756202639,2789.41159992223,2746.72319466328,2782.08702861911,2757.97040956601,2493.31603390249,2735.36395332538
"27","Cambodia",5387.75514876686,4620.84041402114,4973.6221731193,4895.13264600908,5292.2235513154,4879.7326229651,5548.40402167499,5387.89686182011,5136.44879997815,5417.19377271362,5096.15456634389,4970.6052465723,5482.4542275919,5702.42279184862,5491.69823057334,6370.89713487435,6184.02769275282,6097.50615327678,6105.6635829601,6384.63745167651,7107.53379628554
"28","Cameroon",8249.03926796763,7469.79769630787,8378.59898533374,7669.14335353245,8377.97937650218,8604.34288724952,9292.54871729429,9334.61413147357,9170.76513436943,9409.84384704378,9768.61902951066,9934.9071413165,10304.2922700446,10335.9847218319,10718.9152299439,10311.8871323236,10232.2737603887,11533.7485834878,11407.4138723269,11058.6347865295,10984.7755695416
"29","Canada",11759.3886970527,10756.7702796444,10177.3112092504,10470.4041931955,10770.2610016936,10435.7668258718,9264.75768113183,9990.62417175955,9351.19543121619,8894.88474402227,9004.64607160614,8643.10663520624,7844.12516581269,8457.44322713432,8587.5773412486,8137.92795336966,8816.44807229283,8766.15694048662,7543.2108097841,9195.96539125891,10108.7806371204
"30","Central African Republic",2624.24029725257,2539.59356306855,2572.49766276507,2300.99568402596,2351.8317969363,2437.32046947202,2674.85223695083,2371.42473645143,2403.28439000806,2531.74553248629,2618.65762598042,2657.79436726453,2645.35471643596,2875.1325575327,2833.55277251897,2723.31738401057,2571.69175215722,2794.01020698732,2716.85476879204,2654.14832358312,2982.74701586008
"31","Chad",7373.30996146707,6624.29625185159,7328.64828878985,6959.24322482141,7338.66865648406,7528.93173684951,7796.16949874982,7659.10167493172,7557.52094761283,7870.27404987774,7810.26222364904,8313.15553314291,8019.07982835067,8186.34322113266,8317.82897693662,7962.69263392774,7665.83900427936,8881.9595851056,8620.82385002337,8623.7162532441,8696.7973657418
"32","Chile",3603.02013609062,3827.45119045864,3356.67471406873,3505.49752618068,3446.71377880054,3297.22773974015,3253.41365759811,3373.4161714761,3321.43438198865,3400.4518701692,3424.84097931675,3837.19533500786,3823.86107301315,4099.36511085399,4042.03061478621,4085.9801824633,4081.99717891135,4318.11003957602,4535.01185828651,4537.69953873787,4484.97159088998
"33","China",995180.086965924,975391.72667647,1041847.04794785,1052033.85522362,1086876.53015619,1088216.29899604,1107371.24341104,1119630.66039104,1127713.38137457,1111867.6133147,1117131.38123224,1153284.4973694,1193476.45127982,1226420.46078841,1178373.08693018,1195082.22224449,1175789.51072523,1125630.49173756,1137676.31276812,1098281.03199679,1103155.85779222
"34","Colombia",12113.5955775672,11539.6240638028,11902.7704023404,10145.8761535246,11102.9268324124,11652.4332028056,11189.2710296918,11122.7090895664,11465.0350887018,11540.1402184982,11884.5919932686,12044.4938707151,13149.5768373499,12791.5909567917,12492.8762502702,12790.1416030971,13104.7575582777,13270.2038560314,14166.2307157135,14363.9561365931,14626.4301249414
"35","Comoros",21.0854821124293,4.52252827017033,15.7115682561729,23.572510372778,15.8529151087558,19.5366338094858,13.5056785000152,13.9088596664366,10.5512856180487,20.7743016133895,8.15309086327143,11.4211068054283,11.4635081524865,21.8614831136783,13.8971601246962,20.6801912930759,11.0722305615244,20.0406551724496,20.3844207601081,9.92074475211614,19.7802101889938
"36","Congo",1593.93251425232,1448.16066486441,1512.08066221459,1340.77476727312,1357.80723404134,1352.98855296315,1417.43367526436,1373.82087969314,1313.4786733152,1384.46914438133,1502.73328070721,1507.18075379209,1547.95935869437,1546.72815713156,1564.07999920376,1679.97303115552,1644.9860715142,1706.34521675647,1736.6493616772,1687.06778570921,1825.82872702956
"37","Costa Rica",560.119488515893,405.160721266624,424.664335048181,442.877400533769,374.967025528676,395.071120093773,338.476459355343,428.18604833699,420.032579944326,430.785953599102,411.41123741096,464.593042861881,489.158916165067,518.627874357709,570.057239992334,575.817849107687,573.114877530942,665.265318192049,705.208587671674,711.756698818799,639.549410475338
"38","Croatia",3984.70666564644,3927.6695255022,3656.68492582172,3367.42904174345,3675.68827797646,3649.60189341989,3286.96357564827,3573.02634556094,3482.18205035381,3221.17485581495,3257.98948897051,3320.88296577949,3138.21305928753,3261.10043035113,3029.24040293938,2986.15130875402,2860.77391868075,3154.70796003071,2778.91717021616,2703.04001981996,3037.35152601402
"39","Cuba",3906.87102953258,3513.23660942948,3839.32387896805,3933.64632745079,3421.14091060497,3502.04219698267,3218.51803042313,3313.36046698354,3378.54812357017,3578.6289560511,3433.19206611542,3879.30546471187,3029.10360427207,3345.79788717979,3773.28630417793,3765.46875432384,3956.75863067102,4263.72976473418,3795.82429163005,3332.01495688116,4144.25120721904
"40","Cyprus",532.152923486152,510.888230449645,494.451089402026,489.253540081887,472.00294664524,461.683756966095,454.183712529139,452.26437116189,525.992698286268,477.711461149025,497.496904887569,459.392736483755,472.946250210059,461.5952661171,454.5846933937,462.031408654625,498.517185334545,520.438671699178,482.785540232584,486.473800064605,476.455397599046
"41","Czech Republic",9201.59334861599,8547.20639591913,8307.38043560836,8178.58580510346,8201.96486853006,7989.26087704191,7195.58108972623,7757.15437247731,7365.8336581185,6698.5609042396,6751.63837349537,7196.98331845544,7532.24730211996,7335.10990481601,7208.58757421262,7483.39265465742,6912.10945125511,7084.97798579564,7137.67120438911,6702.13199480283,7152.40525994691
"42","Democratic Republic of the Congo",27754.2481687667,24503.1911592019,27039.8186746733,24147.0373230133,24283.3621905505,24016.4420621098,25350.8059118327,23907.1397968635,22422.6901556597,24107.5999467558,24769.8819722274,24949.3760265457,25378.2552357243,25755.3704425531,27451.9112992384,27077.3969027539,25660.810199133,27113.8164308626,26412.925756208,24438.4004984189,26050.8156477221
"43","Denmark",3867.86771744501,3589.72427946172,3464.53979975054,2921.67976132502,3283.47615375179,3388.22786313502,2788.14128797196,2834.60178560343,3000.8434304213,2794.34028907821,2286.60980672941,2493.21027635388,2761.70660118111,2734.28105239663,2141.21755661022,2142.77363981923,2472.30264045072,2131.70838405042,2049.65419130671,2319.6244965726,2602.83112709588
"44","Dominican Republic",1484.59078952783,1514.36939123824,1640.04735675432,1547.13397398316,1569.63484267079,1757.03946429962,1657.12413465281,2123.17836662294,2150.99919206489,2434.52319471954,2209.22164633514,2277.00029125401,2371.34256585158,2221.52891406814,2760.8951504627,2830.07548047351,3140.01203761491,3469.09193222439,3322.97667272854,3193.7308812475,3104.20154118121
"45","Ecuador",2197.80272004412,2064.03483752169,2079.06910766642,2022.54315149188,2375.83406317832,2449.9308312891,2705.4688519786,2853.99716413271,2840.52842203748,3111.65794470523,3102.39378248693,3238.31816861364,3543.5507371997,3331.4307777316,3619.00444590635,3702.73098777952,3832.62730638574,3908.92811750835,4149.92592385225,4106.65322543195,4032.43760954164
"46","Egypt",31190.7760947295,30734.8318323304,30482.2525495748,30962.6363136476,32839.4740445027,35552.0062983398,34693.5820126066,34186.4933198934,36206.0436211869,35880.4817555696,35814.0829865029,38498.2988263808,40333.124013496,39461.7933585403,40924.2445623551,41486.0220390714,42131.8221741371,45449.6310707625,44754.6733719858,44895.1059798322,49794.9520216446
"47","El Salvador",1893.09223556465,1407.57110093657,1513.51590653836,1211.05897706305,1096.04939994668,1240.05134198182,1075.01618791576,1308.78334553907,1233.09880375122,1422.43021121455,1336.93327760366,1470.46858910672,1308.86184122814,1610.74086642583,1435.88483231248,1602.74903301617,1601.31406072539,1743.57452565936,1638.33217156578,1598.11397731143,1853.71617092328
"48","Equatorial Guinea",310.938306338484,244.900668650284,265.272219745049,212.053193595305,203.772425650239,202.337830114617,207.184441004126,200.992466249282,173.607772054484,198.268343439783,205.730510029773,186.815090173752,203.598428739396,217.1016071684,210.252980248631,209.89390511637,212.103031879208,251.537918393262,264.820474331852,260.670964991534,264.417473762182
"49","Eritrea",1368.87857150358,1289.09162219101,1394.14421403717,1260.76578616495,1361.36819899657,1412.71854673216,1408.91014597575,1530.40976718686,1420.35860616053,1426.71692755249,1576.92736575007,1619.67523314699,1660.38797691623,1682.93698464163,1726.28753092062,1738.0546338442,1545.23506816579,1720.70185042021,1681.62748321309,1781.31995820885,2075.37953923964
"50","Estonia",1102.12219979009,1067.8483991738,946.898146195933,907.270919599215,959.87320923732,868.386769311152,766.54084762339,822.689435795175,867.715779906615,730.026858371971,653.202887895477,638.200692060334,643.085096443756,542.838884939348,514.352232111821,476.826343734855,538.748762380751,393.32400592867,434.789961516664,323.582066828358,539.043909202736
"51","Eswatini",282.977537090933,298.105853134497,342.046021788229,304.213724250331,304.27872516768,301.121538435456,342.844727012661,371.513346856916,368.912229468119,344.71826065325,384.112713000269,368.581198987075,392.754861516903,358.028113130457,364.810534248624,359.690749182844,350.029013357496,351.735478363919,305.585721334284,347.188801107114,353.957990401575
"52","Ethiopia",24000.3975248539,21759.7151420662,22916.6211195358,25064.8169827516,23633.4655206311,21164.3326738602,20280.7815708983,20625.3580544759,20718.4683300894,20489.3606817228,20868.5844284031,20450.702693134,20616.4279933657,21431.924132394,20874.04013024,20484.0951942908,19346.8805188579,20170.7502365105,19872.7452347491,20104.2369976595,20567.6248524526
"53","Fiji",0,0,0,0,0,0,0,0,0,0,0,0,0,0,0,0,0,0,0,0,0
"54","Finland",2291.83904118169,2330.29731253654,2069.54414333155,1858.22117462645,1798.33639452919,1777.81898812348,1626.685019499,1666.35644422449,1908.07081414647,1446.1154815839,1451.31939955093,1564.21945142509,1663.28854012756,1512.23033650802,1427.26163274657,1353.27485253672,1716.12331328346,1183.52860578958,1280.39634451821,754.698773804284,1510.70532320417
"55","France",25461.2601602545,24981.808737617,22995.1224080237,22649.6245353021,21710.7724193779,23400.4021954863,20252.1388847992,19984.811219214,21001.1463854365,19926.7605316646,19790.3638614246,21303.0080892364,20541.5941947154,20257.185252732,20245.339206678,20964.2983683865,17845.1985397657,19419.789990054,19375.2317876665,18210.5046581795,19474.3234602717
"56","Gabon",560.940907191386,511.251158478394,564.888451084274,521.810683196195,527.952614894884,554.182397097064,555.844248366457,534.068803581049,501.350382874219,518.986727753169,584.847647006514,553.287139736172,576.275611622274,580.721043448979,553.653127138086,591.29300935215,558.817972249491,620.389982575623,643.307606557334,613.616647371289,616.234111016279
"57","Georgia",19230.3889246562,19547.4707105871,19703.5292239345,19475.7821922944,20331.3094398485,21326.8413622027,21718.978359265,22141.2305237681,21599.3793219039,18979.7560728512,19230.2739069521,19614.525926543,21046.4857588424,20039.8321980158,19117.5438226922,18551.8918199011,18997.33530465,18884.3448479962,18872.7969897911,19768.9123193284,19811.8645307133
"58","Germany",57478.6758495935,52793.369161632,49737.5205918136,47282.4187469222,48523.7768928145,47529.494293457,42938.0353067213,42195.3485999414,43294.0559444067,40217.7989685254,41196.7601459384,42614.4302041842,45270.1683586123,43393.9689024447,41915.5611955241,43547.4535646674,40416.8810800402,42460.6677450233,42116.2307981231,39953.4992535715,41528.4380467467
"59","Ghana",9879.65664012174,9106.56929135293,10608.5651706815,9499.83437457855,10651.4032499293,10501.0480476121,12247.1067277101,11850.1403698704,11581.4569389866,13027.8927892969,13256.3103250522,12224.5060190705,12383.9854824721,13052.0611953284,13118.2899615039,12297.6878036045,12360.433896422,14645.1019913541,14997.9680576367,15081.6250786672,14611.816270276
"60","Greece",6792.25042637328,6984.24633245041,6967.50805097759,6685.98385871126,6857.21495433559,6756.60689352116,6405.07545862392,6364.61909713787,6391.00937092583,6554.74083994927,6767.13635350092,6606.12897225476,6551.61111298446,6753.47493336982,6542.25434234783,6461.52525759905,6277.78369224024,6334.40828215381,6372.42848932288,6102.76071033526,6723.62006399797
"61","Greenland",0,0,0,0,0,0,0,0,0,0,0,0,0,0,0,0,0,0,0,0,0
"62","Grenada",23.1848869047207,22.0680644374095,26.6777258744856,24.4180863271833,21.4309658135147,14.7238735688554,6.73362665739987,10.7549347388469,8.05429793784129,37.0105274098883,8.98923748886382,16.6787658898036,26.4727896073006,10.3738044412748,30.4714557639155,21.831869975937,21.3498928985863,46.157998264642,38.0332043686698,33.5139477348075,8.7036486444727
"63","Guatemala",5543.86455855808,3818.28114344291,4470.117114259,3622.60434165512,3407.50362116116,3669.71211071865,3025.63016249697,3573.23930258234,3571.49070469118,3717.84237772609,3591.42176451749,4182.09722415535,4038.6040963979,4580.92729712094,4622.50391865406,4930.93838414265,4710.64609962849,5182.97823922772,5149.69592792021,4941.72573736363,5077.76310970018
"64","Guinea",7684.11061094506,7234.43238275265,7315.61422620894,6361.49394683457,6505.44221573062,6430.19349885689,7320.43006713472,6905.71136420344,6594.32524599379,7376.85107555155,7275.87363360619,6606.68258344681,6927.96708232412,6887.18539051222,6904.9878445327,6296.12102312651,6612.61271363993,7458.65304684013,7187.72762281989,7061.64209311921,7082.23500775803
"65","Guinea-Bissau",845.127901142124,771.769433343892,813.226168530553,743.757489845187,782.231052802848,777.713415959788,807.511957878659,764.505200866691,742.971105849929,862.593522074285,856.485264197368,770.98117489149,789.772712141813,792.006336110303,807.728505370927,721.629836628327,751.259183478713,837.363021366179,814.882437489735,851.46913786062,819.231845095713
"66","Guyana",431.443313508785,393.880450161298,412.984080182862,346.738599651894,335.183939703801,356.11606200135,333.875888366256,347.166294040014,359.956576363107,417.339899526368,360.811516029741,337.656513857304,358.032191927787,334.137539962154,386.028535321892,355.324262051285,348.25527369931,387.058071608406,384.396862972331,374.494338580783,378.931607837782
"67","Haiti",2754.98967589899,2688.38760155215,3015.72413993638,2736.44517496362,2598.45290861591,2910.46952495387,2424.96916626897,2939.27941089476,2993.98021377809,3376.70252989387,3197.19272119664,3163.16911485484,2995.85202141809,2849.09285437283,3454.97709361671,3462.08224606008,3614.04392000398,3828.01209286135,3512.41822334561,3397.10169584343,3781.57904688919
"68","Honduras",1620.31621640239,1210.52789697217,1314.122632387,1221.99370366736,1235.63882560995,1356.03587758739,1092.15858672346,1384.93131799095,1279.70086155077,1436.75454124142,1496.72371121679,1708.51137472016,1618.20531248687,2103.06787567366,2206.43974398581,2463.72993030872,2383.19322845361,2585.60554149715,2520.56084319595,2263.48874024188,2323.63579561447
"69","Hungary",11056.9366775571,10812.5076255757,9942.00471772653,9158.15771728425,9654.33909085426,9486.42895197876,8721.95214917991,9472.24513949836,9253.65356692581,8459.64872827361,8108.07706632207,8669.69410922162,8917.56992205414,8761.1872241136,8164.42994908451,7849.96689513069,7643.46304674304,8247.80817305593,7492.94315350992,7596.03880232822,7950.34519045611
"70","Iceland",9.25383987258327,8.98155949645252,6.36857186913754,4.33429209021854,11.0960275864953,9.53320958027338,10.7060347570543,4.15594749004809,3.31230397257833,2.44472263863377,5.99044065146987,8.06558743248776,4.00736346911617,5.85770178287049,5.00359383912768,6.94492535152029,7.63440850758109,4.8378547372045,3.9229250624063,11.5616079576875,8.43391726457531
"71","India",651822.090098985,644370.631571957,669477.445453526,691903.027449332,712380.294987448,702728.592444008,683306.509195516,680389.417392543,711486.904785221,756941.596463913,803778.245135798,803566.402018403,794857.352229638,849523.863009873,901419.234822629,911882.894608708,913576.308941632,903639.889358205,946400.790900034,930870.90771232,992015.099059202
"72","Indonesia",100282.105687426,102744.819438769,103512.224358007,105331.688972933,105469.649798316,102068.20171649,109323.646641027,110725.970261625,118947.008033912,117213.010324615,121584.788872363,122545.687085239,132193.460831751,133608.789716095,138209.395798004,138860.180889808,146674.361956815,154059.648727162,153640.357692673,152102.399849105,150451.12251235
"73","Iran",19871.5619379204,20720.424403965,20785.9409544856,20816.2075009618,21255.3442723504,22251.5890785108,21454.3702845263,21814.2899177672,22267.0155142438,22634.4761425302,24256.4856612369,24800.4646535235,24186.8273260338,24879.7230755221,24893.7480112108,25349.0283102882,25842.6580757672,27448.7008622773,27781.4652786977,28071.0302793102,29587.6067603674
"74","Iraq",7989.41876992643,8528.87836075433,9208.99220999798,8674.12350369395,8963.43262735399,9389.53106129156,9254.82356194796,9927.5175995975,10043.2676268621,10645.847438888,11784.8780470611,12103.0069550602,12175.4534885411,12263.1784715747,12589.5409101467,12477.7896325743,12290.0574226922,13619.1458321093,13690.7604425263,14475.1978546941,14083.1336684027
"75","Ireland",1697.10710317934,1572.09584624575,1509.48798300294,1282.71497972185,1275.16390720977,1582.77776408806,952.471651534665,1106.96567903045,1076.0879764054,1081.26040765676,977.913477649635,995.461609611621,859.190143472074,911.84459734114,876.163211943834,879.665055442672,907.455099787155,825.012137445152,814.384610760349,785.416429548623,878.812542263057
"76","Israel",2343.01672270133,2288.48369673576,2386.76916203277,2374.81591291897,2395.58268542217,2437.03796413856,2370.0118140261,2301.58830223848,2353.52124127016,2353.98155688687,2308.20958151833,2255.12432973285,2291.68463492294,2358.06413557115,2305.77196234959,2422.18402775406,2401.40465431446,2528.02882472432,2327.67556882457,2463.4121596963,2675.90292873959
"77","Italy",38018.4631672028,37951.3864544194,36245.7226181031,32275.4822494538,33813.1833402303,34084.6028594252,31651.8223579631,31147.446785772,30795.4988352813,29995.2178797014,30422.713103221,31884.9258969474,29775.9823867354,31244.8354308604,29973.2733462914,29691.2673458151,29540.1587464946,30786.4010307046,29219.1077578231,28114.1210991647,30999.72724671
"78","Jamaica",711.638604003573,789.952733428674,850.38720437139,824.104326427197,797.722142189786,851.907314626034,750.751788841756,789.11185398417,807.454134917924,941.318836009686,992.833358105281,986.374981599056,886.878988116022,852.087581559465,906.882887380368,906.932586754085,1037.05745607957,1048.97035829621,972.703135885531,990.092140529249,1081.20957723308
"79","Japan",51170.5365625854,46731.8227073068,54472.2042135793,51860.2848653549,48682.094531063,51040.2333616197,47711.6587985027,52243.0906528617,53853.1867876389,52244.8637442398,54966.0480871526,52849.4134019456,51582.3059436521,52266.9947450019,53147.0072474395,52577.844135701,53246.6745612169,50662.309302013,48489.3968139697,53408.4091045576,56582.4686921239
"80","Jordan",1085.87781214334,1040.48501880624,1097.21539715938,1194.48833406132,1255.01757302998,1318.67071040867,1307.08945286656,1368.05175394732,1435.82851899338,1383.45256210905,1353.32251449843,1359.74227310189,1422.39604716901,1487.33032520203,1514.45685979496,1608.56393844788,1652.99750102269,1813.93824500753,1803.46474545083,1995.15017519059,2193.70851169356
"81","Kazakhstan",12053.3264127292,11946.8975913278,11902.2920030204,11922.8205367875,11932.0357147956,11448.7474925724,11369.6797631741,11067.4487763165,11601.7059665921,11263.3017470288,11226.860562133,10169.6329675859,10440.591534131,10383.5184577841,10617.7545759331,10705.4162607741,10153.5085703529,9809.77329509993,9838.23823391214,9930.33569205606,9552.52709249027
"82","Kenya",5297.05268252276,4179.61232711616,4645.25657664906,5629.85637851203,5393.4982933583,4643.26425021216,4439.71142270656,4647.01313190834,4834.56899507309,5315.16350917635,5464.62292566079,6554.82124487779,7030.19211123211,8071.63900286545,8104.83895182721,7896.31282860823,7608.77247688546,8134.02498708276,8002.45153514096,6662.79978620924,7354.87584943071
"83","Kiribati",0,0,0,0,0,0,0,0,0,0,0,0,0,0,0,0,0,0,0,0,0
"84","Kuwait",424.810843397803,494.882988525662,515.624170453555,456.787560973516,504.987291343875,539.696061317982,538.993289259193,633.798318221172,638.047183767699,685.501196628146,859.292863188996,855.762209336581,774.67428007275,776.692208525011,849.014329703107,840.031384313892,791.025112838203,919.11574541746,930.360962453573,1023.78406435961,1040.08909721765
"85","Lao PDR",3787.69683321687,3264.54051880607,3339.41799665725,3312.09301893543,3421.93506931484,3016.62704424227,3394.57916953745,3294.47813109491,3112.41100405641,3395.73315008274,3006.06553270502,3126.9566680188,3204.47957861259,3103.76171674272,3090.50592803054,3246.33088422527,3147.52107984906,3058.66554923793,3372.47893232056,3038.88088999071,3189.40647065614
"86","Latvia",2312.69196428738,2285.68775989238,2004.59695686924,1928.56680608469,2161.23690527314,2062.86215679883,1777.53546667654,2057.8963931686,2281.12574953004,1942.06644013852,1779.61672756759,1789.15178790053,1911.17466014662,1616.51916762786,1560.79541949212,1567.01891070481,1592.5607750331,1375.92477695979,1338.78324275557,1233.9859453961,1471.4103844273
"87","Lebanon",1331.76083833071,1311.79978154998,1361.64395607603,1447.04796597288,1483.04445977778,1559.3621548297,1585.34921121277,1616.80645656623,1737.97125055664,1862.95978414723,1928.18463233914,2001.69019399267,2111.90176881964,2213.85444259493,2237.11232047186,2375.57906307511,2431.18899494797,2551.33678350473,2485.59839280923,2537.20528997423,2393.51800830306
"88","Lesotho",585.338089147063,601.094339452033,619.83832603381,656.948231829044,687.093583824569,645.177013084551,578.711638762715,603.604451781355,680.676831883471,645.020968483895,686.729383317752,860.5256846783,863.10839529346,873.590951081851,876.36214070293,857.969013008565,900.299155027778,863.165888490635,830.590272858039,746.745241083153,779.889961547578
"89","Liberia",1810.10096306346,1640.79466335741,1624.97614723149,1336.3127020981,1377.32052997833,1225.88913877618,1485.3861630113,1373.69451492772,1240.4821035932,1353.13674715639,1401.41494181909,1373.6585128992,1332.17879336268,1484.72680009057,1458.26289557802,1351.5657269291,1342.62138651498,1524.14134135787,1492.67487604135,1365.00383564777,1392.00696648552
"90","Libya",1103.75843417226,1125.26810401502,1153.87888874726,1211.73609273771,1229.35283162012,1283.14709784421,1229.68907422845,1261.66273348784,1223.41090916924,1416.06061214086,1484.74017413615,1574.02967419641,1637.97200013055,1499.19647902441,1449.8227130489,1642.5031155368,1630.02397188264,1713.19823539094,1827.21440255516,1839.76575536349,2238.74629751175
"91","Lithuania",2847.96936499457,2763.9721396621,2518.09802431402,2485.77807915213,2695.43079039381,2647.12400009674,2354.75048072482,2779.72914849795,3063.75957200666,2868.50750250629,2652.33154688979,2549.45515081775,2749.65191166782,2421.34950200872,2453.81390653395,2406.77139501501,2388.92521124536,2258.52338981219,2200.42872031275,2004.4659101394,2157.40274988199
"92","Luxembourg",251.267004113254,228.603354600386,206.018210412544,198.207747517075,195.062961881486,202.774625840766,187.646431707875,184.908008947419,190.792317107166,172.910338174768,174.350974126611,177.34634251575,186.337153987129,178.712477682506,173.571413227651,186.527534598624,162.043809869789,162.715506850956,157.562413183356,150.422244933035,156.841205572243
"93","Madagascar",731.239183637211,327.175961688124,490.338073065694,2408.88727272011,747.60882172728,634.0932250463,290.601172573352,769.049801985423,519.419427010103,711.199736494723,472.157366581777,1579.23330738206,1602.56832665914,2572.33510197726,1750.95597491956,2319.48043697037,1909.69976912944,2848.34419734811,2800.24628235162,875.425591517895,1073.03054714706
"94","Malawi",3250.72684788804,3010.72954709394,3124.2944004601,3699.23550585926,3197.31103548442,2828.07122608935,2795.33534551364,2806.43110482594,2694.51137676389,3234.64791065543,2949.270265721,3247.57148836343,3152.02336896189,3556.29065654847,3587.33844314602,3387.00963633503,3486.5494690231,3470.29918696855,3402.4318085124,2733.8887857978,2535.12977977002
"95","Malaysia",7399.47896143078,8743.58925095446,8590.35826249505,8335.07683268343,8847.77048008686,8549.78898246056,9164.26735334475,9264.3619397779,10881.1191674242,9738.91857494685,9841.93716080345,11223.3407803506,10024.3082569925,11815.6928688997,12148.2324692588,11996.7731613938,13060.0374051668,13615.0813553137,12454.1127195503,12471.2067644999,13740.4566636809
"96","Mali",6783.50938023866,6411.15268877436,6708.58534933771,6230.01943060705,6727.07726176195,6559.26429967552,7025.16169271451,6729.55301705571,6562.95335339577,7288.2703911349,7366.61668450878,7271.64710784221,7851.47478533937,7529.23885496108,7989.50967218045,7145.19200057541,7644.08077857836,8696.90991810934,8907.69829333137,9278.83859851422,9226.99322983647
"97","Malta",167.801097512985,180.369772663048,169.124732529888,173.465598445546,178.951181468652,185.451831509081,185.686464905385,157.22438490581,146.110241157601,181.432199584964,183.363202298595,175.761759753759,198.000160108689,173.551925109566,161.834435854513,157.41285543471,183.17713101096,166.578266289054,177.775523447985,167.508474276631,196.214216419654
"98","Mauritania",1504.87387772894,1410.30961766131,1455.8739646784,1350.81334969495,1406.33914500982,1423.9768734898,1400.19489060865,1419.1667006247,1392.31519723295,1420.93413582545,1431.92051328248,1390.4603117386,1410.46693133197,1434.32754122816,1526.44127422255,1425.60700268461,1383.62419184801,1515.06627631707,1452.70288906752,1501.72453300911,1483.1644447933
"99","Mauritius",0,0,0,0,0,0,0,22.8079367413054,0,0,0,0,0,0,0,0,0,0,0,0,0
"100","Mexico",32420.3416647075,29113.4394725445,30626.9868791789,24720.7412487362,25508.1870195779,27300.60829462,24643.7104840123,27424.8645307354,25911.2465367867,26752.0190770296,28111.4538986733,31955.6237718065,29841.9836822064,32970.0733200021,33659.101580321,36391.7200097816,36322.1756849333,37942.013690371,39209.2701336902,38644.5265831418,39273.760721536
"101","Moldova",3632.49173490402,3707.45637382852,3520.12810895144,3501.94697188503,3852.92797363462,3513.95987109995,3359.83138616372,3647.26912062873,3587.83208989487,3294.79770677402,3028.02183199528,3302.62717395243,3376.28266846735,3027.37099569153,2984.316885104,2730.68504025208,2621.74755745395,2789.26105868194,2745.0348265568,2355.39523138529,2511.53407432302
"102","Mongolia",1069.24155935206,1012.31362471081,1044.73018190897,975.639194632443,1138.17007850984,1168.20450517203,878.285677525994,828.884970741851,878.651079022213,919.353841464586,902.624097120511,987.163992516184,979.183721240084,1049.32298492173,1034.3253593008,986.121264707707,955.05897685317,1050.96919541312,1080.86789949106,1076.92878045128,1072.29613527841
"103","Morocco",12038.869205258,11033.1094938824,11206.2555752038,10925.8892186119,10786.7165482033,11186.4779323158,11834.3575281372,12131.1567964243,12526.2669626878,11947.6138251883,12799.5313241098,12961.8335852922,13825.171792743,13646.4373886913,13580.1011932994,14495.4308864469,14833.7663818438,16382.209691526,16420.9935886514,18089.3293733705,15462.1780688947
"104","Mozambique",3924.69062247921,3507.48751548408,3523.45999177294,4079.29394315564,3475.30733749256,3033.51064257465,3063.5447791581,3401.27591345274,3462.88050214149,4104.83751368186,4197.39104021929,4280.39792034853,4461.96010906934,4700.07728096116,4832.10005982103,4941.60424789847,4888.88398856821,5009.29699363665,4839.81478545893,4156.23872054076,4318.33033167914
"105","Namibia",592.354858129163,549.346729228595,600.403622977112,637.719009852646,655.954921393653,611.510576454765,557.642933865499,575.766239367821,516.703082830094,583.259509863548,580.427323940515,624.216771916127,628.444450115864,662.82727763949,656.186110777738,646.857738302165,628.478090109228,678.422625080495,660.850965339012,640.942563809329,638.189683434577
"106","Nepal",13445.9395316797,13752.1355946513,14096.6041201732,15180.1864073335,15260.3032644385,14672.2630630015,14956.1840633758,14709.1565378615,15379.6005756031,16198.0415571685,16463.3521635868,17718.6967094028,17411.6451377445,18012.4547400432,19406.1461649275,18878.1461970642,19520.2182430149,19468.0338189721,20560.0415901104,20359.234989643,21150.2799592428
"107","Netherlands",10919.4037236526,9658.57726660158,9987.77334039488,9216.00955955861,9443.01055140908,9701.58144933611,8904.00393684203,8218.17662997676,8295.11669670375,7539.32129960159,7542.98155426016,7424.63204057061,7759.45623262869,7487.56293556403,7184.32833723154,6732.30620215531,6673.96743788455,6943.05208056492,6894.81242456385,7255.26939558068,7279.64708524898
"108","New Zealand",369.499422740186,374.834032520291,393.903341959477,397.724411225619,320.727422205831,265.76386795284,238.942113795112,231.310569086539,228.451929453541,248.482390255702,226.415218255455,222.443032655381,239.485674238062,242.527141234489,202.779890071575,259.065152177171,204.2947410613,225.050002858869,269.682727789974,253.762602493271,295.444021807183
"109","Nicaragua",1139.23848472878,783.725689133741,788.345285181765,890.507354236426,843.785140721226,907.92527167234,736.822686820103,1111.98674788373,786.759548342576,1104.69363285217,1035.77056185223,1175.3675941815,1125.5324393975,1310.69712877912,1291.42430462718,1452.36357944309,1385.14588257994,1512.23174436926,1545.98258319249,1364.46505101002,1233.67426874524
"110","Niger",12261.6062948314,11374.9432536914,12121.5648203276,11899.099522213,11760.933368975,11244.3485679884,11461.5575623439,11586.1833812987,10815.1647493621,11464.325460537,10238.8573924336,10197.6167294606,10159.8943189984,10592.2545396425,10787.338148104,10653.3403316719,10913.4967821312,12653.9392041195,12972.1256600877,12635.5828488324,12649.2472813574
"111","Nigeria",115369.385311927,103887.096564873,116794.06825831,108842.19489011,110546.894184725,107659.973815158,114552.497997928,112015.419776625,106952.836654501,112626.315236211,110901.820600622,104864.116788077,106143.327693161,103130.748350597,106311.735514995,101302.40579829,102542.294035005,114355.339975946,113619.061310067,112912.806646088,104163.130325884
"112","Norway",2062.58255646157,2050.4280380987,1937.42496962837,1492.79111671951,1543.31118757182,1541.80860560895,1162.11017050184,845.922462316584,1451.21493455903,792.4205656259,942.000712184466,1184.55450400014,743.618550454733,1236.34085503397,730.826011986588,718.751890144896,1028.80707466308,551.519270072811,552.273140075405,544.031898802386,890.837678605705
"113","Oman",942.800342390434,931.552118733689,960.833090554107,949.242059321029,957.985523416191,985.678052979,946.472535873155,952.186347544059,1002.66318858308,1054.85701795536,1141.60510129612,1108.64739259527,1122.4591164787,1276.85128200541,1367.54133615277,1351.31047291311,1301.52008525242,1444.31459214575,1495.51894309514,1564.16094638775,1220.9914342682
"114","Pakistan",82797.3233187849,82676.0266689019,88341.8157854736,90412.6186551263,93118.114384713,90668.7285431269,93839.861783134,87188.5865619394,89935.0448384369,89949.5659231524,95892.2824896465,97205.5587629535,100097.37840634,102710.305846179,108167.237806032,107670.601330916,108794.184168143,110447.327087049,116619.355438157,115973.585728142,118861.495420031
"115","Panama",601.143978667055,529.221785686095,551.967495921264,494.446143112495,473.034166523996,598.74550396971,554.58926434598,632.486915604645,651.124450253293,695.532420813043,681.520045848138,617.044163291394,681.639093108806,648.999905645869,714.832310942577,755.007892004925,805.98049316704,834.710006465352,771.127704068822,769.497344071927,873.925054592812
"116","Papua New Guinea",527.15637016505,654.108248627689,1210.3199937319,584.333394218779,727.990202232296,673.139708213432,934.508191567312,649.345923459384,912.85608799774,1111.73323091695,1480.73318869148,1108.74698889937,1852.19401872545,1519.21702317426,1367.74999446223,1536.68110807778,1367.71074361544,2069.81725460226,1534.07513542607,1506.33014124545,1964.46719600585
"117","Paraguay",715.546106413015,929.903673312436,691.837324136423,815.544616875077,993.698910079023,969.021410785061,988.521933024611,998.906590623898,959.255287524124,1256.66982886001,902.24798971402,992.608925489734,1096.83421816107,1075.671599588,1108.32920382069,978.4010957054,1033.50625231574,1283.62697560505,1211.50041388301,1283.64113368325,1289.55078046166
"118","Peru",8160.30572380082,7698.03796955972,7762.65864243494,7605.76742500476,7650.367408543,7740.57604899543,7551.44204679123,7456.96171175703,7255.01535555737,7297.02121023188,7447.95279584634,8795.31694831182,9344.02645490465,9388.52272445906,9566.4488622065,9598.75582374394,9516.18239706369,9615.43140878354,9774.81265125862,10070.7516275533,10003.9001166856
"119","Philippines",21460.4928204817,22303.795862972,24128.0043572626,20305.8349438363,22266.0695626483,24774.5921179686,27285.9844479366,28609.9113094206,29946.7809293721,29581.6124378765,30549.3681380151,31001.7362824174,29200.6633023309,31105.986370098,31490.2477809975,31355.1377802998,32217.285434232,32354.8334726865,29212.8832143425,30546.7013548054,36233.3450573143
"120","Poland",32389.543911473,31326.8780971746,29452.1742103158,27475.5301942554,28971.9502930888,27197.974022067,25727.4358975595,27369.9413505971,28212.7876503555,26799.4546275727,25353.7140037045,27086.4835041854,28492.9231447069,26443.5044626368,25965.3247645946,25986.9907610718,24885.9688385537,25222.5418176856,25211.2156143621,25316.2560328444,25467.2679454628
"121","Portugal",6549.10634010915,5898.27785658329,5939.62502028345,5834.33574501635,5671.58335477366,5860.98549255387,5139.20357182827,5019.5677730208,5253.28049686485,4984.64113155127,4302.73260829039,4463.54430765673,4065.10054053021,4595.02007254014,4130.62580753566,3892.05496947921,4262.95286865146,4357.84043863467,4143.96648956855,4564.72209353604,4548.5563388308
"122","Puerto Rico",989.018476191223,862.669788470096,1139.73677513894,916.682623334285,932.041628163552,641.783073845573,493.471723137595,732.962716129032,676.330523684163,1086.31432219508,513.202401479419,655.668032873994,872.20421539986,398.112731289943,937.844848083529,812.567942261056,691.684926043309,1005.79927261511,873.825442622297,758.583296322432,511.502124676845
"123","Qatar",147.976893972301,154.752864050032,159.826045794466,159.595940498272,171.847794148172,196.013646302664,196.616658839212,215.702249791623,233.385522405183,251.339830417457,278.195395663311,295.223822326502,295.807267976859,306.473999173648,324.94973623306,333.051759873562,336.120080792903,377.756366315515,380.49670687669,409.388885969136,361.603450354804
"124","Romania",23958.8820979476,22510.5617562358,21137.9493534864,20732.3864554215,21960.1280023717,20788.022125605,19099.4951155524,19608.4640060181,18964.2859793016,17131.1179807678,17266.4753884387,18249.062526819,18422.8128375261,17884.8513999361,17409.9967053412,16002.3908547673,16034.8466194833,16123.4200128989,16028.8207701509,15242.3420058497,15612.1886119638
"125","Russian Federation",152836.554771983,159125.326523494,163962.2395025,161413.389243221,170672.951966276,169282.750950861,156553.88488303,161271.143144756,154114.394366018,138908.340060873,141953.088865723,137731.963648328,147233.929276215,122305.986789183,121873.94733172,119479.146621011,121407.932951166,113563.869975428,115985.81842066,107387.655064629,105452.000464642
"126","Rwanda",4785.09770245981,3695.2823123527,3918.22931877791,3699.56898480771,3529.46482773294,3078.58526819149,3399.17201744768,3163.6898402096,2844.09129954376,3168.38618822213,3107.97589475646,2848.57428539175,2863.25883581307,3043.55863774398,3319.61056582482,3062.83917729666,3093.12068401686,3233.19485780076,3326.36813474696,3024.75886410708,3000.62070038065
"127","Saudi Arabia",6379.06284781316,6309.36005482742,6856.08386502539,6624.38267546701,6861.8797696594,7616.26193548986,7459.78346228358,7912.92598228176,8252.45432060601,8594.41545365674,9354.15819192837,9382.4535149488,9345.35291725557,9556.49250063256,9797.24924822904,9654.44529725379,9154.04527253803,10393.1895514248,10050.1722314427,10785.6550521717,10959.6355317458
"128","Senegal",4967.14001445922,4702.26065264492,4707.79873690046,4927.04861247388,5362.925301143,5141.33710785383,5390.12023931025,5190.93304030188,5057.27307212282,5490.10565621652,5560.03395449153,5220.80782846596,4965.68202374251,5121.99723819307,5423.61401277039,4860.07275453828,5252.5714468035,5901.6813782736,5736.69073261419,5958.53531614749,5603.08047104421
"129","Serbia",10409.9285834996,10396.3898820417,10261.7660582577,9727.67515643133,9673.35758474139,9759.32138019434,9614.75649418832,10307.9078818987,10055.1286968871,9496.28953591361,9765.73817468792,10049.036150029,10279.4566040689,10162.4175607905,9611.29965808414,9414.70430163594,8997.54817471834,9231.90965181885,8574.80412343898,8335.90269497235,8456.38154458977
"130","Seychelles",0.126953887908431,0,0.71845887017303,0.275662779756279,0.286598304086044,1.06784916104763,1.07050589636637,0.139817459156551,0.142299494456621,0.315542919292463,0.563101594742874,0.867522901010077,0,1.1368771473935,0.324762855034716,0.147241089456918,0,0,0.158445599118243,0.360973250320744,0
"131","Sierra Leone",3851.03454631108,3713.11656916352,3777.26928750611,3340.27225271978,3459.65188810945,3439.12614428354,4177.25427332741,4062.90060128323,3718.44421967034,4234.53649334972,4119.16515189011,3882.1970788362,3812.10685854669,4049.56798884789,3905.48959370588,3539.41412502092,3681.87843672945,4155.61646810054,4084.16772772544,3894.64855070376,3932.26454507478
"132","Singapore",1943.59725706653,2099.77164176436,2122.87247025058,2039.52465574239,1974.26853602809,1789.6166547756,1794.26898360632,1827.41203161733,2148.46673326239,1922.07425194375,1818.79803889204,1922.90164281947,1761.58677654305,1892.06356231055,2043.1149222808,2148.26098914199,2035.80543537303,2193.36362928311,1868.29120317289,1959.61496658351,2157.50504970216
"133","Slovakia",4623.38293757001,4417.55966861853,4125.80912365658,4048.82114297195,4182.94076720456,4040.71517283719,3779.96066158525,4141.30905208683,4112.7064467063,3825.90842726739,3639.15129444454,3825.99901965543,3765.96658291137,3777.40088703452,3505.2841884279,3464.39767792908,3229.04620538659,3495.47762255063,3339.8588985435,3253.86036293301,3387.26068243923
"134","Slovenia",1279.06456505233,1267.15090946183,1158.11485017571,1053.83720218205,1079.63692730179,1039.18797744001,945.682481755187,959.975551457794,936.145131654516,791.02114222686,805.325198761283,843.12656388213,791.326314953667,841.387564826684,799.426355171515,830.186509385823,743.881902893541,810.68240404566,785.907122123986,739.6403507071,910.888903780699
"135","Solomon Islands",0,0,0,0,0,0,0,0,3.63015879343754,3.71061582641594,0,1.73564582866783,3.93585240418086,0,0,4.40902620510998,12.1709268588763,12.5005355041534,22.1422112980544,17.9231397632541,17.2599023965949
"136","South Africa",16397.6916984137,15719.5961184481,17088.5159167017,16182.8929571354,16018.8946666753,15817.7961172085,15950.1525793186,16385.6985065256,17938.7710354584,16799.1485025702,18020.9047545255,18678.2856130593,19142.4767512963,19066.2560758038,18572.0927824432,18215.434066013,19057.059257316,19542.6961036001,19214.9006293179,19363.4458023137,17728.5175826313
"137","South Korea",16116.7764809589,15716.4335379882,16729.1036070797,16504.340453834,16316.1844239011,16842.9941593935,15853.2844527245,16233.0868858253,16436.2220284734,16191.9062273667,16152.5017275575,16771.2541822135,15986.179480951,16472.1239141124,16456.6677294389,17875.4000648318,18216.8955978636,17724.0551820268,18294.7229182462,18254.0101119132,18722.0630856456
"138","Spain",20220.3042838047,19619.2367196715,19359.3159117864,18531.0990732512,18623.6237172126,18395.7049437798,18121.0430557599,17207.3576083677,17738.1006116232,16988.4769339257,15711.7636856881,16309.5836690444,14647.6585982163,16280.9774914827,15852.7007956072,14311.9718503085,14650.1439074022,16242.5087744516,15981.4757569315,15543.1204100642,15297.7071728748
"139","Sri Lanka",5555.01532996595,5817.54006863459,6316.21347046614,6353.92978823072,5945.78227932919,6525.94248566633,6850.87662910167,7291.42727388989,7464.91788063677,8071.90765155744,8486.48579364357,8779.94879249161,8849.16762604112,9634.32754667174,9797.43124449253,9813.14646437607,10187.6055401007,8878.6061248096,9785.40698810167,10527.1397116909,10818.182419392
"140","Suriname",177.009175611877,181.117826312007,201.82248443805,162.772289030528,154.818957479341,170.231296702913,155.308594439269,165.250344678375,180.873725161775,208.244143137945,176.929404294241,168.082608798204,170.879503158172,146.402632628048,201.791841505863,178.37933670057,185.165235759652,224.657660656269,219.968716291818,217.958852030363,260.031952950867
"141","Sweden",4917.54926453534,4737.42671252752,4523.47957994492,3457.14539044477,3698.3482310476,3898.83618741857,3229.91269990949,3277.25638131195,3804.5270843914,3047.51681482331,2815.76194586291,3025.96706730462,3167.83684324002,3130.89542089967,2310.83255820399,2596.70599370707,3062.88503436396,2357.25408518585,2182.87084992427,2351.07962823667,2946.94878548509
"142","Switzerland",4030.79366381648,4099.03170422982,3688.86770136737,3490.55032775338,3335.02852229078,3434.71319603463,2965.17097388372,2874.27218335034,3067.82914096984,2677.58485211047,2863.8982563001,3084.45244956741,2689.89468796079,2809.60320905133,2833.70397627611,2876.17499097421,2539.15180914327,2771.36981746469,2704.60001997886,2362.69439607468,2633.62299038366
"143","Tajikistan",4166.5794538453,4331.74328500148,4461.88270455225,4222.24602053192,4055.54690153044,3885.28799488423,3990.44593681498,3860.76362073627,4380.23560557593,4569.725748561,4877.32929237486,4473.95517298014,4662.29815197323,5202.33453947456,4715.12176444489,5111.99925179359,5175.44332851508,5338.45643835569,5441.1192710386,5662.95388896876,4933.44246600452
"144","Tanzania",9051.08405201231,6450.13088592788,7482.82915332838,9603.99522840378,8505.44308839539,7979.59235259648,8109.22521333899,8037.99925827327,7473.25417894969,8920.87650053672,8582.52401937498,9513.41325105461,9645.01345336376,10909.8221489106,11460.8678457762,11023.7203837085,10545.6747265904,11655.7907702618,11773.7826874818,9583.27701672648,9675.65037677208
"145","Thailand",20869.3219970544,20377.0392839679,21177.6667715182,19720.1033985761,20920.5040487104,19563.2681620551,22087.8107040605,21782.0818864019,21603.941253059,23520.0797458798,22394.5284038801,22969.4085696629,23693.0498691501,24036.9259267527,24233.1674865473,25988.1457378518,26003.8028822335,25220.7598299006,28292.9574457048,27759.5695284858,30261.4656116298
"146","The Gambia",650.300098983337,615.790834898405,610.980208431372,553.723228268319,614.036823359482,636.927085041061,713.297570329618,710.694934558966,702.507409009975,775.382268555229,768.317458903251,718.872953492849,728.610174332238,706.934806327912,766.415297605867,695.00963334763,765.781148231693,835.802330468419,837.819071708097,926.687921617454,905.295963390897
"147","Togo",2688.30158618361,2391.56386790004,2761.27788634288,2532.49341614506,2669.39889706812,2554.55178243624,2846.8280885992,2763.77877154151,2739.377824269,2965.01176600491,3131.8090455226,2930.30922084676,3098.43932479347,3073.52157750843,3132.64662940997,2904.61634224841,2947.10792804202,3387.90041674532,3397.55248536457,3452.66993093971,3485.69901552972
"148","Tonga",0,0,0,0,0,0,0,0,0,0,0.970106868515939,0,0,0,0,0,0,0,0,0,0
"149","Trinidad and Tobago",389.952577755644,350.580436786999,408.624771963308,402.125980881416,344.098863056213,197.618570109134,92.2469483130172,109.815352585516,97.4946777429981,425.745834648593,121.916276756543,184.900707724167,274.648293382855,191.71821017321,292.802703114012,236.524436969009,261.321413168308,512.840143082079,469.685835649024,435.876267035767,155.546720960443
"150","Tunisia",3119.01342124876,3330.31335785612,3288.6382310706,3266.46699495157,3504.03640303071,3346.10528418409,3341.20905270169,3354.45252808976,3303.2051870884,3708.35392518366,3746.5278535647,3626.72657463919,4000.14879027968,3767.14682299757,3769.81065995311,3807.06264541256,4215.78809926597,4144.44032678497,4405.08172392741,4229.60420226643,4604.79351196521
"151","Turkey",23729.7980971214,22582.6717697731,21447.3819442597,21379.3964854334,22922.0831003548,21464.7883229615,21052.4160175147,20896.0462301994,22435.8958593691,23309.3969338757,25259.4454543862,27912.2834321225,28706.5062120211,30781.4015232235,30925.4099100183,31096.9650762159,32018.9411209296,33801.4760834281,33545.1389161671,32269.334626952,31026.3374176229
"152","Turkmenistan",3237.32422086798,3198.86854486718,3110.02651502678,3048.69239569441,2958.22578564627,2839.30477144486,2881.2883422836,2862.43003791916,3168.96613048458,3218.17717860085,3221.88091901444,2932.21892515626,2771.21982053394,2961.34500499699,2830.18819994301,3003.33937269519,3193.75188639822,3129.87341785013,3083.53652788228,3136.91308635585,3361.02289822844
"153","Uganda",7925.38040973067,6380.70647880335,7061.98494201444,7198.28389297777,7022.49001961013,6445.12754635912,6762.66152917156,6379.93403631399,6332.19098060892,6567.02258503868,6543.58744512015,6358.64990489973,6680.95359801892,7231.95153702638,7561.11844044998,7821.15423632924,7741.04658061521,8156.4813142162,8372.16565601091,7229.76713340481,7585.48199092519
"154","Ukraine",60965.7696551604,60835.9161788326,61017.1311051247,59670.4312715458,62026.3808385008,58494.8228556911,57750.6872957114,62129.1884065255,60399.4050395418,57392.5622688077,55257.2429651639,53356.4693022246,52925.9693565861,49820.974820904,48555.7885108816,47095.8390449216,43300.4889318894,51558.2376184176,48929.5443060131,47834.8039442073,49587.1825448633
"155","United Arab Emirates",707.88845718686,762.553289065518,817.679592650376,827.639617566381,821.153602054505,933.461213234249,983.700216486637,1012.26199352813,1053.05442372788,1112.23152403702,1255.85584327286,1377.89725477109,1425.94527570565,1593.25983316275,1768.16180856242,1832.50622273162,1823.00836224446,2118.80638603818,2230.74702901187,2430.82870547478,2458.35256240072
"156","United Kingdom",46365.9970577464,44169.3306471809,41792.2591915031,35587.5134552399,36351.897663727,40937.7717242687,32420.2730350159,31701.6727116453,29976.189253892,29545.042471319,30780.1147003376,27721.0595550915,26190.8639444888,27661.6815776632,25799.0282723744,27801.56614592,27219.469230546,24916.6776391877,26797.7672657755,26377.7425544309,27609.4696516682
"157","United States",139144.94692223,132291.764491262,134329.794713345,126958.72659504,131761.231817439,122931.809865547,113350.904797019,120665.065577845,112678.043021247,115758.242989085,109324.143479146,108329.238906702,95863.9470087676,112670.327017311,104712.488657735,103424.219567569,102924.770403875,104872.241607993,100200.601745246,98087.8752284955,109392.718084181
"158","Uruguay",640.82642099478,991.477643499706,820.164202629018,715.68692595063,685.266382141948,564.286812691608,442.625181001451,403.085346089325,593.435088099366,714.000729369686,581.191683120524,827.504535121893,630.273614948085,776.937460539414,612.05750524001,757.036238115075,622.217253158238,481.478347796628,631.469329685095,516.388727374578,497.053718757305
"159","Uzbekistan",19892.7749750329,20309.9141699891,21944.1988998179,21290.3445640586,21997.0435885734,22183.6730783842,23184.1422691509,23182.0812620044,25241.5744276154,25120.7880226618,25870.6668879482,24383.0504794011,24453.2051678703,26579.0865025462,25157.9925863661,27051.1167870983,27202.49734087,26911.4862433709,26493.4996850083,26939.5833696484,22460.3380550306
"160","Vanuatu",3.71865036142113,9.89577971771592,9.91659456244911,9.04240710514258,5.8486984362137,7.01380680724487,4.17156128405675,3.52013002075646,5.85100592184518,7.28561333105953,5.21462861524596,6.75172659005776,12.6422616827694,13.3249619416264,9.01340799315222,16.3799697308131,13.1445809646363,5.384830849615,12.344322215451,12.698794066939,13.0976111166449
"161","Venezuela",4969.04436166859,4975.8216983845,4889.60704944555,5379.18693637926,5253.63007966636,5757.62602237986,4820.92899741911,5385.03072988811,5408.761158011,6471.12769255637,6566.72817928511,6685.1074546801,7309.9154460597,7560.86824311838,7834.61105600032,7675.50708092056,7916.35631386304,8610.5281243155,9192.44793291466,9566.23281210237,9114.98291260613
"162","Vietnam",30773.9190414137,30493.0825769654,31287.9292872404,31470.0971393723,32993.6303845852,32963.6212712327,36856.5042605822,37757.7276331293,39046.2488482977,42147.2080409586,42646.1890664922,42063.3583909876,45058.2994849679,48191.6536123797,46930.4228815156,49453.3663218015,50021.6761516552,48027.5470581454,49662.3221520501,50194.9557944433,49520.1163537333
"163","Yemen",6912.49696540579,7033.0483526351,7416.15437321288,6695.39635684998,6817.32342651173,7045.05331474293,6895.9694143895,7046.47840640892,7075.2826043356,7438.55415698266,8336.02866917766,8310.34682984449,7822.14586398932,8622.99638711141,9287.75418332906,9133.91299505694,8287.5602995335,9320.63360319108,9199.73292253912,9720.51099790557,10320.5348042897
"164","Zambia",2937.19343285102,2551.91481573931,2896.72276504087,3401.99922259052,2943.4267446093,2850.04225325416,2745.15547716693,2987.75279969338,2787.69466714224,3334.3686429124,3270.19215071849,3344.93282818703,3305.06558179066,3567.18114829437,3608.05074654622,3390.81296604679,3387.55556807975,3513.70768735735,3538.88119732654,3206.87516803455,3162.42343946761
"165","Zimbabwe",2070.10449858084,1843.53707821236,2288.66174755782,3115.56808504914,2612.7619949726,2360.02283983727,2122.26161879836,2503.1279870533,2347.72496830717,2732.88125822084,3129.43046941486,3341.83045879941,3137.53842695969,3614.09727796253,3595.23690567024,3418.50434460943,3615.00920403772,3608.9900480088,3616.55284625807,2648.14453632269,2991.13740042732
